date_time,maxtempC,mintempC,totalSnow_cm,sunHour,uvIndex,uvIndex,moon_illumination,moonrise,moonset,sunrise,sunset,DewPointC,FeelsLikeC,HeatIndexC,WindChillC,WindGustKmph,cloudcover,humidity,precipMM,pressure,tempC,visibility,winddirDegree,windspeedKmph
2019-01-01,7,3,0.0,3.0,1,1,26,02:43 AM,12:55 PM,07:46 AM,03:34 PM,1,-1,4,-1,38,79,79,1.7,1012,7,9,257,25
2019-01-02,4,1,0.9,3.0,1,1,19,03:54 AM,01:21 PM,07:46 AM,03:35 PM,-2,-4,2,-4,42,98,74,5.5,1007,4,4,325,29
2019-01-03,-1,-2,0.0,6.8,1,1,11,05:03 AM,01:53 PM,07:45 AM,03:36 PM,-10,-8,-2,-8,34,49,53,1.5,1021,-1,9,352,24
2019-01-04,-1,-5,1.4,3.0,1,1,4,06:07 AM,02:30 PM,07:45 AM,03:37 PM,-5,-8,-3,-8,22,77,82,2.2,1023,-1,7,257,15
2019-01-05,2,-0,7.6,3.0,1,1,0,07:05 AM,03:15 PM,07:45 AM,03:38 PM,-1,-4,0,-4,28,95,90,11.8,1012,2,5,349,18
2019-01-06,-5,-6,0.5,3.0,1,1,0,07:55 AM,04:07 PM,07:45 AM,03:40 PM,-7,-11,-5,-11,21,81,85,0.7,1023,-5,9,12,14
2019-01-07,-4,-8,0.0,8.0,1,1,3,08:36 AM,05:05 PM,07:44 AM,03:41 PM,-8,-10,-7,-10,13,53,89,0.0,1028,-4,8,221,8
2019-01-08,1,-6,1.4,3.0,1,1,10,09:10 AM,06:06 PM,07:44 AM,03:42 PM,-4,-8,-3,-8,29,90,89,3.0,1006,1,6,186,19
2019-01-09,-0,-2,0.6,3.0,1,1,18,09:39 AM,07:11 PM,07:43 AM,03:44 PM,-2,-6,-1,-6,18,100,94,0.9,1003,-0,5,121,13
2019-01-10,-6,-8,0.5,3.0,1,1,25,10:02 AM,08:16 PM,07:43 AM,03:45 PM,-8,-11,-7,-11,11,76,93,0.7,1018,-6,7,53,7
2019-01-11,-4,-12,0.0,4.9,1,1,32,10:22 AM,09:22 PM,07:42 AM,03:47 PM,-8,-11,-8,-11,17,60,92,1.5,1017,-4,9,217,11
2019-01-12,0,-3,2.1,3.0,1,1,39,10:42 AM,10:29 PM,07:41 AM,03:48 PM,-2,-6,-2,-6,25,89,93,2.8,1007,0,8,265,16
2019-01-13,2,1,0.3,3.0,1,1,47,11:00 AM,11:37 PM,07:40 AM,03:50 PM,1,-3,1,-3,29,100,97,3.7,994,2,9,236,18
2019-01-14,3,-1,0.2,3.0,1,1,54,11:20 AM,No moonset,07:40 AM,03:51 PM,-2,-4,1,-4,36,89,78,7.7,987,3,7,301,24
2019-01-15,2,-0,0.1,3.1,1,1,61,11:41 AM,12:47 AM,07:39 AM,03:53 PM,-4,-5,0,-5,32,79,74,0.8,1000,2,9,281,21
2019-01-16,3,1,1.6,3.1,1,1,69,12:05 PM,02:00 AM,07:38 AM,03:54 PM,1,-2,2,-2,21,99,94,2.0,1005,3,6,246,13
2019-01-17,4,2,0.0,4.9,1,1,76,12:35 PM,03:15 AM,07:37 AM,03:56 PM,0,-2,3,-2,31,76,84,0.8,1001,4,9,243,19
2019-01-18,2,-0,0.1,5.0,1,1,83,01:15 PM,04:31 AM,07:36 AM,03:57 PM,-2,-4,1,-4,29,67,77,0.9,1009,2,8,296,19
2019-01-19,1,-2,0.0,6.8,1,1,90,02:05 PM,05:44 AM,07:35 AM,03:59 PM,-4,-5,-1,-5,15,29,78,0.0,1021,1,10,245,10
2019-01-20,-0,-3,0.0,8.7,1,1,98,03:10 PM,06:49 AM,07:34 AM,04:01 PM,-6,-5,-2,-5,10,14,74,0.0,1020,-0,10,252,7
2019-01-21,-1,-4,0.0,5.1,1,1,100,04:26 PM,07:44 AM,07:33 AM,04:02 PM,-5,-6,-2,-6,13,66,82,0.0,1022,-1,10,250,8
2019-01-22,-2,-4,0.0,3.3,1,1,88,05:49 PM,08:27 AM,07:32 AM,04:04 PM,-7,-7,-3,-7,15,81,76,0.0,1017,-2,10,151,10
2019-01-23,-4,-6,0.0,3.3,1,1,81,07:14 PM,09:01 AM,07:30 AM,04:06 PM,-10,-10,-5,-10,19,84,70,0.0,1011,-4,10,91,14
2019-01-24,-5,-7,0.0,6.9,1,1,73,08:38 PM,09:29 AM,07:29 AM,04:08 PM,-10,-12,-6,-12,21,76,70,0.0,1015,-5,10,85,16
2019-01-25,-5,-6,5.4,3.3,1,1,66,09:59 PM,09:53 AM,07:28 AM,04:09 PM,-7,-10,-5,-10,16,100,86,7.1,1014,-5,3,150,12
2019-01-26,-3,-7,0.3,3.3,1,1,59,11:17 PM,10:15 AM,07:26 AM,04:11 PM,-6,-9,-5,-9,14,88,90,0.4,1007,-3,7,183,9
2019-01-27,-1,-6,0.5,3.3,1,1,51,No moonrise,10:37 AM,07:25 AM,04:13 PM,-4,-8,-3,-8,25,92,92,0.7,1000,-1,6,151,16
2019-01-28,1,-3,2.4,5.1,1,1,44,12:32 AM,11:00 AM,07:24 AM,04:15 PM,-2,-5,-1,-5,20,80,92,3.5,996,1,7,146,12
2019-01-29,1,-3,0.2,5.1,1,1,37,01:45 AM,11:26 AM,07:22 AM,04:17 PM,-2,-5,-1,-5,19,65,94,0.3,1002,1,8,231,11
2019-01-30,-0,-5,0.8,5.1,1,1,30,02:55 AM,11:55 AM,07:21 AM,04:18 PM,-3,-5,-2,-5,13,72,92,1.0,1007,-0,7,83,8
2019-01-31,1,-1,1.0,3.4,1,1,26,04:00 AM,12:30 PM,07:19 AM,04:20 PM,-1,-3,-0,-3,11,97,96,1.2,1005,1,6,95,7
2019-02-01,1,-3,0.1,6.9,1,1,8,05:00 AM,01:12 PM,07:18 AM,04:22 PM,-1,-4,-1,-4,21,57,92,0.1,1005,1,8,141,12
2019-02-02,5,4,0.0,3.4,1,1,1,05:52 AM,02:01 PM,07:16 AM,04:24 PM,3,-0,4,-0,37,85,90,5.5,1001,5,9,155,21
2019-02-03,4,2,0.0,3.4,1,1,0,06:35 AM,02:57 PM,07:14 AM,04:26 PM,2,1,3,1,13,85,95,0.1,1008,4,4,158,7
2019-02-04,2,1,1.9,3.4,1,1,0,07:12 AM,03:58 PM,07:13 AM,04:28 PM,-1,-3,1,-3,21,91,88,6.0,1023,2,7,301,14
2019-02-05,2,-2,0.0,8.7,1,1,0,07:42 AM,05:02 PM,07:11 AM,04:30 PM,-3,-3,-0,-3,14,42,85,0.1,1029,2,13,195,9
2019-02-06,1,-0,0.0,3.5,1,1,7,08:07 AM,06:07 PM,07:09 AM,04:31 PM,-1,-4,0,-4,17,96,90,0.2,1027,1,9,271,12
2019-02-07,4,-0,0.0,8.7,1,1,14,08:28 AM,07:13 PM,07:07 AM,04:33 PM,-3,-3,1,-3,25,46,72,0.0,1019,4,10,181,15
2019-02-08,5,2,0.0,3.5,1,1,22,08:48 AM,08:19 PM,07:06 AM,04:35 PM,0,-1,3,-1,27,88,83,1.8,1012,5,6,232,16
2019-02-09,7,3,0.0,3.5,1,1,29,09:06 AM,09:26 PM,07:04 AM,04:37 PM,2,1,4,1,30,87,86,2.3,1008,7,17,222,18
2019-02-10,7,2,0.0,8.7,1,1,37,09:25 AM,10:34 PM,07:02 AM,04:39 PM,1,0,4,0,30,63,79,0.5,1008,7,14,194,19
2019-02-11,6,4,0.0,3.5,1,1,44,09:45 AM,11:44 PM,07:00 AM,04:41 PM,1,0,4,0,29,99,79,3.9,1000,6,11,256,20
2019-02-12,3,-0,1.2,3.7,1,1,52,10:07 AM,No moonset,06:58 AM,04:43 PM,-3,-4,1,-4,30,75,74,1.5,1018,3,9,321,20
2019-02-13,4,0,0.0,3.7,1,1,60,10:33 AM,12:56 AM,06:56 AM,04:45 PM,-1,-3,2,-3,31,83,84,2.2,1026,4,10,269,19
2019-02-14,5,2,0.0,7.0,1,1,67,11:07 AM,02:09 AM,06:54 AM,04:47 PM,2,0,3,0,21,71,90,0.1,1032,5,13,311,13
2019-02-15,6,2,0.0,3.7,1,1,75,11:50 AM,03:21 AM,06:52 AM,04:49 PM,2,2,4,2,13,86,91,0.0,1032,6,9,278,8
2019-02-16,8,2,0.0,8.7,1,1,82,12:45 PM,04:28 AM,06:50 AM,04:50 PM,0,2,5,2,16,30,75,0.2,1028,8,13,232,9
2019-02-17,9,3,0.0,7.1,1,1,90,01:55 PM,05:28 AM,06:48 AM,04:52 PM,3,3,5,3,19,51,82,0.1,1024,9,15,289,11
2019-02-18,9,5,0.0,3.8,1,1,97,03:14 PM,06:16 AM,06:46 AM,04:54 PM,4,5,6,5,10,78,84,0.3,1023,9,11,159,6
2019-02-19,10,3,0.0,8.7,1,1,100,04:39 PM,06:55 AM,06:44 AM,04:56 PM,1,4,6,4,25,21,70,0.7,1015,10,11,237,15
2019-02-20,6,4,0.0,3.8,1,1,88,06:06 PM,07:26 AM,06:42 AM,04:58 PM,1,1,5,1,32,75,74,0.3,1017,6,10,286,21
2019-02-21,6,3,0.0,4.0,1,1,80,07:32 PM,07:53 AM,06:40 AM,05:00 PM,3,1,4,1,20,93,89,5.0,1020,6,9,267,13
2019-02-22,-1,-3,0.3,8.7,1,1,73,08:54 PM,08:16 AM,06:38 AM,05:02 PM,-11,-7,-2,-7,27,34,51,0.5,1034,-1,9,32,20
2019-02-23,-0,-6,0.0,4.0,1,1,65,10:14 PM,08:39 AM,06:36 AM,05:04 PM,-13,-5,-2,-5,12,51,42,0.0,1044,-0,19,184,8
2019-02-24,3,-2,0.0,7.1,1,1,57,11:31 PM,09:02 AM,06:34 AM,05:06 PM,-9,-3,1,-3,18,38,49,0.0,1036,3,10,285,12
2019-02-25,5,0,0.0,7.1,1,1,50,No moonrise,09:27 AM,06:32 AM,05:07 PM,-0,-1,2,-1,21,28,83,0.0,1031,5,10,298,13
2019-02-26,8,1,0.0,8.7,1,1,42,12:44 AM,09:56 AM,06:29 AM,05:09 PM,0,-0,4,-0,28,25,77,0.0,1025,8,10,333,18
2019-02-27,9,0,0.0,8.7,1,1,35,01:52 AM,10:29 AM,06:27 AM,05:11 PM,0,2,5,2,22,20,75,0.0,1023,9,10,267,14
2019-02-28,10,4,0.0,8.7,1,1,27,02:54 AM,11:10 AM,06:25 AM,05:13 PM,1,3,6,3,33,20,68,0.0,1005,10,10,301,22
2019-03-01,5,-1,0.0,5.6,1,1,26,03:49 AM,11:57 AM,06:23 AM,05:15 PM,-4,-1,2,-1,23,44,63,0.0,1009,5,10,329,16
2019-03-02,3,-2,0.0,8.7,1,1,19,04:35 AM,12:50 PM,06:21 AM,05:17 PM,-9,-3,0,-3,11,21,50,0.0,1016,3,10,305,8
2019-03-03,7,-0,0.0,4.1,1,1,12,05:14 AM,01:50 PM,06:18 AM,05:18 PM,1,1,4,1,28,66,78,1.5,1009,7,10,232,17
2019-03-04,14,8,0.0,7.2,1,1,4,05:45 AM,02:53 PM,06:16 AM,05:20 PM,5,8,11,8,31,82,68,0.4,997,14,9,227,21
2019-03-05,9,6,0.0,4.2,1,1,0,06:11 AM,03:58 PM,06:14 AM,05:22 PM,-0,3,7,3,40,73,59,0.2,999,9,10,266,29
2019-03-06,9,4,0.0,5.7,1,1,0,06:34 AM,05:04 PM,06:12 AM,05:24 PM,0,3,6,3,21,76,69,1.3,1012,9,10,245,14
2019-03-07,14,4,0.0,8.7,1,1,3,06:54 AM,06:10 PM,06:10 AM,05:26 PM,1,6,9,6,29,48,60,0.0,1004,14,10,189,19
2019-03-08,13,7,0.0,7.2,1,1,10,07:12 AM,07:18 PM,06:07 AM,05:28 PM,2,7,10,7,36,44,60,0.5,1007,13,10,243,25
2019-03-09,11,4,0.0,4.2,1,1,17,07:31 AM,08:26 PM,06:05 AM,05:29 PM,1,4,7,4,31,72,64,4.8,1008,11,9,235,22
2019-03-10,8,4,0.0,4.2,1,1,24,07:50 AM,09:36 PM,06:03 AM,05:31 PM,0,2,6,2,34,100,66,11.5,1000,8,9,261,25
2019-03-11,6,3,3.9,4.2,1,1,32,08:11 AM,10:46 PM,06:01 AM,05:33 PM,-1,0,4,0,29,91,67,10.3,1004,6,7,286,21
2019-03-12,6,0,2.9,11.6,1,1,39,08:35 AM,11:57 PM,05:58 AM,05:35 PM,-4,-1,3,-1,21,46,64,3.1,1015,6,9,296,15
2019-03-13,8,2,0.0,5.9,1,1,46,09:05 AM,No moonset,05:56 AM,05:36 PM,-2,1,4,1,27,65,64,0.6,1009,8,9,225,17
2019-03-14,9,3,0.0,5.9,1,1,54,09:43 AM,01:08 AM,05:54 AM,05:38 PM,-0,2,6,2,28,77,66,1.1,1003,9,8,246,19
2019-03-15,8,5,0.0,5.9,1,1,61,10:31 AM,02:15 AM,05:51 AM,05:40 PM,1,3,6,3,28,95,71,2.5,997,8,9,264,20
2019-03-16,8,5,0.0,6.0,1,1,68,11:33 AM,03:16 AM,05:49 AM,05:42 PM,1,2,6,2,39,93,67,1.7,999,8,7,290,28
2019-03-17,16,5,0.0,8.8,1,1,75,12:45 PM,04:07 AM,05:47 AM,05:44 PM,4,8,10,8,22,46,69,1.9,1004,16,17,216,14
2019-03-18,10,6,0.0,7.4,1,1,83,02:06 PM,04:49 AM,05:45 AM,05:45 PM,0,5,8,5,25,53,60,4.4,1011,10,18,252,18
2019-03-19,8,3,0.0,6.0,1,1,90,03:32 PM,05:22 AM,05:42 AM,05:47 PM,-1,2,5,2,23,60,63,0.3,1022,8,10,273,16
2019-03-20,9,2,0.0,11.6,1,1,97,04:57 PM,05:50 AM,05:40 AM,05:49 PM,-3,3,5,3,17,22,56,0.0,1032,9,10,277,12
2019-03-21,11,7,0.0,6.1,1,1,100,06:22 PM,06:15 AM,05:38 AM,05:50 PM,4,6,9,6,24,92,70,0.1,1031,11,10,284,16
2019-03-22,12,8,0.0,7.5,1,1,88,07:46 PM,06:38 AM,05:35 AM,05:52 PM,5,8,10,8,18,62,74,0.2,1031,12,10,335,13
2019-03-23,15,4,0.0,11.6,1,1,81,09:06 PM,07:01 AM,05:33 AM,05:54 PM,-0,8,10,8,17,12,51,0.0,1027,15,10,197,11
2019-03-24,11,5,0.0,11.6,1,1,74,10:24 PM,07:26 AM,05:31 AM,05:56 PM,-1,7,8,7,16,30,54,0.1,1022,11,10,312,12
2019-03-25,9,5,0.0,8.9,1,1,66,11:38 PM,07:53 AM,05:28 AM,05:57 PM,-2,5,7,5,13,53,54,0.7,1012,9,10,295,9
2019-03-26,7,1,0.7,7.5,1,1,59,No moonrise,08:25 AM,05:26 AM,05:59 PM,-2,-1,4,-1,33,74,70,4.4,1016,7,9,282,24
2019-03-27,9,-1,0.0,12.8,1,1,52,12:45 AM,09:04 AM,05:24 AM,06:01 PM,-3,1,5,1,21,41,62,0.4,1026,9,9,284,15
2019-03-28,11,6,0.0,10.6,1,1,45,01:44 AM,09:50 AM,05:21 AM,06:02 PM,3,6,8,6,14,69,76,1.6,1029,11,17,344,10
2019-03-29,14,5,0.0,12.9,1,1,37,02:34 AM,10:42 AM,05:19 AM,06:04 PM,5,7,9,7,20,34,75,0.0,1030,14,20,296,14
2019-03-30,16,6,0.0,11.9,1,1,30,03:15 AM,11:40 AM,05:17 AM,06:06 PM,6,10,11,10,16,34,71,0.0,1024,16,20,264,11
2019-03-31,17,6,0.0,10.7,1,1,26,03:49 AM,12:42 PM,05:14 AM,06:08 PM,2,9,11,9,23,36,56,0.2,1018,17,10,289,17
2019-04-01,9,2,0.0,13.0,1,1,9,04:16 AM,01:47 PM,05:12 AM,06:09 PM,-6,3,5,3,18,1,45,0.0,1028,9,10,46,13
2019-04-02,11,3,0.0,13.0,1,1,1,04:39 AM,02:53 PM,05:09 AM,06:11 PM,-7,3,7,3,35,1,37,0.0,1025,11,10,131,25
2019-04-03,14,5,0.0,13.1,1,1,0,05:00 AM,04:00 PM,05:07 AM,06:13 PM,-3,6,9,6,38,6,41,0.0,1016,14,10,131,27
2019-04-04,16,6,0.0,13.1,1,1,0,05:19 AM,05:08 PM,05:05 AM,06:14 PM,0,9,11,9,33,30,47,0.0,1010,16,10,128,24
2019-04-05,18,7,0.0,13.1,1,1,0,05:37 AM,06:16 PM,05:02 AM,06:16 PM,3,11,12,11,25,34,54,0.2,1011,18,10,118,18
2019-04-06,16,8,0.0,13.2,1,1,6,05:55 AM,07:26 PM,05:00 AM,06:18 PM,4,10,12,10,25,17,57,0.1,1012,16,10,105,18
2019-04-07,16,7,0.0,13.6,1,1,14,06:15 AM,08:37 PM,04:58 AM,06:20 PM,4,11,12,11,12,19,59,0.0,1008,16,10,73,9
2019-04-08,19,11,0.0,13.7,1,1,21,06:38 AM,09:50 PM,04:56 AM,06:21 PM,4,15,15,15,9,14,54,0.0,1010,19,10,286,7
2019-04-09,11,4,0.0,13.3,1,1,29,07:07 AM,11:01 PM,04:53 AM,06:23 PM,-1,4,7,4,22,41,56,0.0,1013,11,10,22,17
2019-04-10,10,1,0.0,13.7,1,1,36,07:42 AM,No moonset,04:51 AM,06:25 PM,-5,3,5,3,17,20,50,0.0,1017,10,10,42,13
2019-04-11,9,1,0.0,13.8,1,1,44,08:26 AM,12:10 AM,04:49 AM,06:26 PM,-4,2,5,2,20,22,50,0.0,1021,9,10,28,15
2019-04-12,9,0,0.0,12.2,1,1,52,09:22 AM,01:12 AM,04:46 AM,06:28 PM,-4,2,5,2,20,53,51,0.0,1023,9,10,45,15
2019-04-13,11,3,0.0,8.7,1,1,59,10:28 AM,02:04 AM,04:44 AM,06:30 PM,-2,4,7,4,20,91,54,0.9,1023,11,9,65,15
2019-04-14,12,5,0.0,13.3,1,1,67,11:44 AM,02:47 AM,04:42 AM,06:32 PM,-3,5,8,5,24,42,45,0.0,1025,12,10,63,18
2019-04-15,11,3,0.0,13.9,1,1,74,01:06 PM,03:23 AM,04:40 AM,06:33 PM,-4,5,7,5,17,18,46,0.0,1027,11,10,49,12
2019-04-16,12,3,0.0,12.2,1,1,82,02:29 PM,03:51 AM,04:37 AM,06:35 PM,-1,5,7,5,17,34,56,2.2,1026,12,10,27,12
2019-04-17,18,5,0.0,14.0,1,1,89,03:53 PM,04:16 AM,04:35 AM,06:37 PM,3,11,12,11,18,15,57,0.0,1027,18,10,64,12
2019-04-18,20,9,0.0,14.1,1,1,97,05:16 PM,04:38 AM,04:33 AM,06:39 PM,4,14,15,14,13,6,50,0.0,1031,20,10,52,9
2019-04-19,20,9,0.0,14.1,1,1,100,06:38 PM,05:01 AM,04:31 AM,06:40 PM,2,14,15,14,13,4,45,0.0,1032,20,10,37,9
2019-04-20,19,9,0.0,14.1,1,1,88,07:58 PM,05:24 AM,04:29 AM,06:42 PM,2,13,14,13,15,33,45,0.0,1028,19,10,123,11
2019-04-21,17,7,0.0,12.2,1,1,81,09:16 PM,05:50 AM,04:27 AM,06:44 PM,3,10,11,10,15,49,60,2.0,1022,17,9,333,11
2019-04-22,17,6,0.0,12.3,1,1,73,10:28 PM,06:20 AM,04:24 AM,06:46 PM,4,10,12,10,29,37,61,0.0,1021,17,10,113,21
2019-04-23,18,9,0.0,14.3,1,1,65,11:33 PM,06:56 AM,04:22 AM,06:47 PM,1,12,14,12,43,7,41,0.0,1022,18,10,128,30
2019-04-24,20,11,0.0,14.3,1,1,58,No moonrise,07:39 AM,04:20 AM,06:49 PM,6,15,16,15,36,27,52,0.0,1018,20,10,143,26
2019-04-25,24,13,0.0,14.3,1,1,50,12:28 AM,08:30 AM,04:18 AM,06:51 PM,10,18,19,18,23,34,60,0.0,1015,24,10,161,16
2019-04-26,27,15,0.0,14.4,1,1,43,01:14 AM,09:27 AM,04:16 AM,06:52 PM,11,21,21,21,14,19,57,0.0,1011,27,10,140,10
2019-04-27,18,12,0.0,10.1,1,1,35,01:51 AM,10:28 AM,04:14 AM,06:54 PM,11,16,16,16,22,67,69,0.1,1009,18,10,272,16
2019-04-28,13,11,0.0,9.0,1,1,28,02:20 AM,11:33 AM,04:12 AM,06:56 PM,9,10,12,10,20,96,80,1.6,1012,13,9,308,15
2019-04-29,21,10,0.0,10.1,1,1,20,02:45 AM,12:39 PM,04:10 AM,06:58 PM,10,15,15,15,22,73,73,9.8,1012,21,8,79,14
2019-04-30,19,10,0.0,11.2,1,1,13,03:06 AM,01:46 PM,04:08 AM,06:59 PM,7,14,15,14,18,67,64,1.6,1012,19,10,62,13
2019-05-01,18,10,0.0,14.5,1,1,12,03:25 AM,02:53 PM,04:06 AM,07:01 PM,3,13,14,13,16,45,49,0.1,1007,18,10,324,12
2019-05-02,11,9,0.0,9.4,1,1,5,03:43 AM,04:02 PM,04:04 AM,07:03 PM,5,8,10,8,29,80,70,0.2,1002,11,10,268,22
2019-05-03,13,8,0.0,11.4,1,1,0,04:01 AM,05:12 PM,04:02 AM,07:05 PM,3,8,10,8,24,62,61,1.0,1004,13,8,276,18
2019-05-04,15,6,0.0,12.5,1,1,0,04:20 AM,06:24 PM,04:01 AM,07:06 PM,1,9,11,9,15,53,51,0.0,1006,15,10,210,12
2019-05-05,13,5,0.0,12.6,1,1,2,04:42 AM,07:38 PM,03:59 AM,07:08 PM,0,6,9,6,25,59,58,0.4,1011,13,9,241,19
2019-05-06,13,3,0.0,13.5,1,1,9,05:08 AM,08:51 PM,03:57 AM,07:10 PM,-3,7,9,7,20,45,45,0.0,1013,13,10,238,15
2019-05-07,14,6,0.0,13.5,1,1,17,05:41 AM,10:03 PM,03:55 AM,07:11 PM,0,9,10,9,17,31,52,0.3,1015,14,10,313,13
2019-05-08,15,5,0.0,14.5,1,1,24,06:22 AM,11:08 PM,03:53 AM,07:13 PM,-0,9,11,9,15,29,48,0.0,1016,15,10,159,11
2019-05-09,17,8,0.0,11.7,1,1,31,07:15 AM,No moonset,03:52 AM,07:15 PM,4,10,12,10,28,53,57,0.4,1007,17,9,153,20
2019-05-10,20,9,0.0,10.7,1,1,39,08:18 AM,12:04 AM,03:50 AM,07:16 PM,7,13,14,13,7,62,68,1.6,1007,20,7,201,5
2019-05-11,20,9,0.0,12.6,1,1,46,09:32 AM,12:50 AM,03:48 AM,07:18 PM,7,15,15,15,14,45,62,0.1,1012,20,10,294,10
2019-05-12,22,10,0.0,12.6,1,1,53,10:50 AM,01:27 AM,03:47 AM,07:19 PM,9,15,16,15,18,67,67,6.3,1020,22,10,146,13
2019-05-13,13,7,0.0,9.9,1,1,60,12:11 PM,01:56 AM,03:45 AM,07:21 PM,4,8,10,8,21,88,69,6.0,1029,13,8,337,17
2019-05-14,9,3,0.0,9.9,1,1,68,01:33 PM,02:20 AM,03:44 AM,07:23 PM,5,5,7,5,22,99,82,10.2,1026,9,5,11,16
2019-05-15,14,7,0.0,9.9,1,1,75,02:53 PM,02:43 AM,03:42 AM,07:24 PM,10,9,11,9,28,88,90,11.1,1018,14,9,48,18
2019-05-16,20,12,0.0,9.9,1,1,82,04:14 PM,03:04 AM,03:40 AM,07:26 PM,13,15,16,15,14,93,85,19.2,1014,20,9,145,9
2019-05-17,22,13,0.0,11.8,1,1,89,05:34 PM,03:26 AM,03:39 AM,07:27 PM,13,18,18,18,12,62,78,6.3,1012,22,8,152,9
2019-05-18,24,15,0.0,10.9,1,1,97,06:53 PM,03:50 AM,03:38 AM,07:29 PM,14,19,20,19,15,69,75,4.3,1011,24,10,129,10
2019-05-19,23,16,0.0,11.8,1,1,100,08:08 PM,04:17 AM,03:36 AM,07:30 PM,16,19,20,19,22,69,81,10.8,1008,23,9,123,14
2019-05-20,25,15,0.0,11.8,1,1,89,09:18 PM,04:50 AM,03:35 AM,07:32 PM,16,19,19,19,23,69,82,13.2,1005,25,8,126,15
2019-05-21,23,14,0.0,10.9,1,1,81,10:18 PM,05:30 AM,03:33 AM,07:33 PM,13,18,19,18,22,72,75,8.8,1004,23,9,97,15
2019-05-22,21,12,0.0,10.0,1,1,74,11:09 PM,06:17 AM,03:32 AM,07:35 PM,12,16,17,16,21,76,75,8.7,1004,21,9,81,15
2019-05-23,22,13,0.0,11.8,1,1,67,11:50 PM,07:13 AM,03:31 AM,07:36 PM,13,17,18,17,21,62,75,19.3,1011,22,9,346,13
2019-05-24,21,12,0.0,12.7,1,1,60,No moonrise,08:13 AM,03:30 AM,07:38 PM,10,16,16,16,15,56,69,0.6,1013,21,10,328,11
2019-05-25,23,13,0.0,13.6,1,1,52,12:22 AM,09:18 AM,03:28 AM,07:39 PM,9,18,18,18,17,31,59,0.1,1011,23,10,279,13
2019-05-26,19,11,0.0,12.7,1,1,45,12:49 AM,10:23 AM,03:27 AM,07:40 PM,8,15,15,15,18,42,64,0.0,1013,19,10,266,13
2019-05-27,26,15,0.0,14.5,1,1,38,01:11 AM,11:30 AM,03:26 AM,07:42 PM,12,21,21,20,20,37,60,0.3,1009,26,10,233,14
2019-05-28,25,17,0.0,12.7,1,1,31,01:31 AM,12:37 PM,03:25 AM,07:43 PM,14,21,21,20,15,68,71,10.9,1005,25,9,203,11
2019-05-29,16,10,0.0,11.9,1,1,23,01:49 AM,01:45 PM,03:24 AM,07:44 PM,8,12,13,12,23,68,74,3.1,1014,16,9,351,17
2019-05-30,20,6,0.0,14.5,1,1,16,02:06 AM,02:54 PM,03:23 AM,07:45 PM,4,13,14,13,13,14,53,0.0,1024,20,10,17,10
2019-05-31,23,11,0.0,14.5,1,1,12,02:24 AM,04:05 PM,03:22 AM,07:46 PM,8,18,18,18,10,25,55,0.0,1023,23,10,262,8
2019-06-01,25,14,0.0,13.6,1,1,0,02:45 AM,05:18 PM,03:21 AM,07:48 PM,13,21,21,20,10,37,66,0.0,1021,25,10,325,7
2019-06-02,27,17,0.0,12.8,1,1,0,03:09 AM,06:33 PM,03:20 AM,07:49 PM,13,22,22,22,14,27,60,0.3,1019,27,10,303,10
2019-06-03,28,16,0.0,14.5,1,1,0,03:39 AM,07:48 PM,03:20 AM,07:50 PM,12,22,22,22,14,3,56,0.0,1019,28,10,93,10
2019-06-04,29,18,0.0,14.5,1,1,6,04:16 AM,08:58 PM,03:19 AM,07:51 PM,15,24,24,24,17,15,59,0.0,1015,29,10,123,12
2019-06-05,29,19,0.0,14.5,1,1,13,05:06 AM,10:00 PM,03:18 AM,07:52 PM,16,25,25,24,21,27,62,0.5,1013,29,10,113,15
2019-06-06,28,19,0.0,14.5,1,1,21,06:07 AM,10:50 PM,03:18 AM,07:53 PM,15,24,24,23,23,12,61,0.0,1013,28,10,134,17
2019-06-07,29,18,0.0,14.5,1,1,28,07:20 AM,11:30 PM,03:17 AM,07:54 PM,14,24,24,24,15,24,58,0.0,1014,29,10,154,11
2019-06-08,31,19,0.0,11.1,1,1,36,08:38 AM,No moonset,03:16 AM,07:54 PM,16,24,24,24,17,51,65,4.8,1018,31,10,221,11
2019-06-09,27,14,0.0,14.5,1,1,44,09:59 AM,12:02 AM,03:16 AM,07:55 PM,9,21,21,21,15,3,49,0.0,1026,27,19,239,10
2019-06-10,29,16,0.0,14.5,1,1,51,11:20 AM,12:27 AM,03:16 AM,07:56 PM,15,24,24,24,24,10,59,0.0,1019,29,11,125,17
2019-06-11,32,21,0.0,14.5,1,1,59,12:40 PM,12:50 AM,03:15 AM,07:57 PM,17,28,28,27,25,7,57,0.0,1015,32,14,147,18
2019-06-12,33,22,0.0,14.5,1,1,66,01:59 PM,01:11 AM,03:15 AM,07:57 PM,16,29,29,28,23,11,53,0.0,1014,33,20,158,16
2019-06-13,33,22,0.0,14.5,1,1,74,03:18 PM,01:32 AM,03:15 AM,07:58 PM,18,29,29,28,13,36,59,5.7,1014,33,17,171,10
2019-06-14,29,21,0.0,12.8,1,1,81,04:35 PM,01:53 AM,03:14 AM,07:59 PM,19,27,27,25,15,38,69,11.3,1018,29,17,235,11
2019-06-15,32,20,0.0,14.5,1,1,89,05:51 PM,02:18 AM,03:14 AM,07:59 PM,19,28,28,26,19,22,66,0.1,1015,32,20,121,14
2019-06-16,27,21,0.0,13.7,1,1,96,07:02 PM,02:48 AM,03:14 AM,08:00 PM,18,25,25,24,21,45,70,0.7,1014,27,18,308,16
2019-06-17,24,16,0.0,12.9,1,1,100,08:06 PM,03:24 AM,03:14 AM,08:00 PM,13,20,21,20,19,38,66,0.1,1020,24,19,332,14
2019-06-18,25,15,0.0,14.5,1,1,89,09:02 PM,04:08 AM,03:14 AM,08:00 PM,11,21,21,21,16,8,56,0.0,1020,25,18,70,12
2019-06-19,28,18,0.0,12.1,1,1,81,09:47 PM,05:00 AM,03:14 AM,08:01 PM,16,25,25,23,18,55,65,1.7,1014,28,11,146,12
2019-06-20,30,20,0.0,14.5,1,1,73,10:23 PM,05:59 AM,03:14 AM,08:01 PM,16,26,26,25,14,42,60,2.8,1010,30,10,222,10
2019-06-21,29,21,0.0,12.1,1,1,66,10:52 PM,07:03 AM,03:14 AM,08:01 PM,17,26,26,25,10,57,62,2.2,1013,29,10,312,7
2019-06-22,25,17,0.0,13.7,1,1,58,11:16 PM,08:08 AM,03:15 AM,08:01 PM,13,22,22,21,20,21,61,0.0,1021,25,10,18,15
2019-06-23,25,14,0.0,14.5,1,1,51,11:36 PM,09:15 AM,03:15 AM,08:02 PM,10,21,21,20,20,20,56,0.0,1022,25,10,36,15
2019-06-24,27,16,0.0,14.5,1,1,43,11:54 PM,10:21 AM,03:15 AM,08:02 PM,13,22,22,22,18,1,61,0.0,1026,27,10,66,13
2019-06-25,28,17,0.0,14.5,1,1,36,No moonrise,11:29 AM,03:16 AM,08:02 PM,16,25,25,23,18,19,63,0.0,1027,28,10,128,13
2019-06-26,34,21,0.0,13.7,1,1,28,12:11 AM,12:36 PM,03:16 AM,08:02 PM,19,30,30,28,21,34,59,1.1,1020,34,10,236,15
2019-06-27,24,17,0.0,10.5,1,1,21,12:29 AM,01:45 PM,03:16 AM,08:02 PM,15,23,23,21,32,66,68,8.0,1015,24,10,310,24
2019-06-28,23,14,0.0,14.5,1,1,13,12:48 AM,02:56 PM,03:17 AM,08:01 PM,9,18,19,18,22,26,54,0.0,1019,23,10,333,17
2019-06-29,26,14,0.0,14.5,1,1,6,01:10 AM,04:10 PM,03:18 AM,08:01 PM,9,21,21,20,22,28,52,0.0,1019,26,10,301,16
2019-06-30,32,18,0.0,14.5,1,1,0,01:36 AM,05:25 PM,03:18 AM,08:01 PM,14,26,26,25,20,6,51,0.0,1014,32,10,260,13
2019-07-01,28,20,0.0,13.7,1,1,0,02:10 AM,06:38 PM,03:19 AM,08:01 PM,15,25,25,24,22,32,58,0.9,1011,28,10,279,16
2019-07-02,24,16,0.0,12.9,1,1,0,02:54 AM,07:46 PM,03:20 AM,08:00 PM,11,20,20,20,25,45,57,0.5,1014,24,10,279,19
2019-07-03,18,13,0.0,12.1,1,1,2,03:51 AM,08:43 PM,03:20 AM,08:00 PM,7,15,16,15,23,51,56,0.4,1018,18,10,285,18
2019-07-04,19,11,0.0,13.6,1,1,9,05:01 AM,09:28 PM,03:21 AM,07:59 PM,6,16,16,16,22,47,52,0.1,1019,19,10,277,17
2019-07-05,18,14,0.0,10.2,1,1,16,06:19 AM,10:04 PM,03:22 AM,07:59 PM,9,15,16,15,29,71,66,2.3,1011,18,9,269,20
2019-07-06,22,12,0.0,11.1,1,1,24,07:43 AM,10:32 PM,03:23 AM,07:58 PM,11,17,17,17,18,60,70,2.6,1008,22,10,272,13
2019-07-07,18,14,0.0,10.2,1,1,31,09:06 AM,10:56 PM,03:24 AM,07:58 PM,10,16,17,16,24,74,68,1.8,1006,18,9,279,18
2019-07-08,18,12,0.0,11.1,1,1,38,10:28 AM,11:18 PM,03:25 AM,07:57 PM,8,14,15,14,27,76,66,0.4,1010,18,10,273,21
2019-07-09,18,11,0.0,11.1,1,1,45,11:48 AM,11:38 PM,03:26 AM,07:56 PM,10,14,15,14,29,71,74,2.1,1010,18,9,292,21
2019-07-10,18,12,0.0,11.0,1,1,53,01:06 PM,11:59 PM,03:27 AM,07:56 PM,10,14,15,14,25,67,74,6.4,1010,18,10,311,17
2019-07-11,21,11,0.0,11.9,1,1,60,02:23 PM,No moonset,03:28 AM,07:55 PM,9,16,16,16,17,49,65,0.5,1011,21,10,330,13
2019-07-12,25,14,0.0,13.6,1,1,67,03:39 PM,12:23 AM,03:29 AM,07:54 PM,10,19,19,19,11,39,57,0.0,1010,25,10,302,7
2019-07-13,22,15,0.0,10.1,1,1,74,04:50 PM,12:50 AM,03:30 AM,07:53 PM,12,18,19,18,11,65,66,9.1,1009,22,10,279,8
2019-07-14,22,13,0.0,13.6,1,1,82,05:57 PM,01:24 AM,03:31 AM,07:52 PM,9,17,18,17,17,38,61,0.8,1011,22,10,225,12
2019-07-15,23,12,0.0,14.5,1,1,89,06:55 PM,02:04 AM,03:32 AM,07:51 PM,8,18,18,18,11,13,54,0.0,1013,23,10,330,8
2019-07-16,18,14,0.0,10.1,1,1,96,07:44 PM,02:52 AM,03:34 AM,07:50 PM,10,16,16,16,20,67,68,1.3,1010,18,10,267,15
2019-07-17,21,13,0.0,10.1,1,1,100,08:23 PM,03:49 AM,03:35 AM,07:49 PM,10,16,17,16,24,62,69,4.5,1009,21,10,315,17
2019-07-18,23,12,0.0,14.5,1,1,89,08:54 PM,04:50 AM,03:36 AM,07:48 PM,10,18,19,18,10,19,60,0.0,1013,23,10,313,7
2019-07-19,26,16,0.0,14.5,1,1,82,09:20 PM,05:56 AM,03:38 AM,07:47 PM,10,21,21,21,11,27,50,0.0,1014,26,10,237,7
2019-07-20,28,18,0.0,11.8,1,1,75,09:41 PM,07:02 AM,03:39 AM,07:46 PM,15,23,23,23,10,55,62,2.1,1015,28,10,256,7
2019-07-21,29,19,0.0,13.6,1,1,67,10:00 PM,08:08 AM,03:40 AM,07:44 PM,16,25,25,24,18,46,59,1.4,1016,29,10,238,12
2019-07-22,25,17,0.0,12.7,1,1,60,10:17 PM,09:15 AM,03:42 AM,07:43 PM,13,22,22,22,20,49,59,0.5,1020,25,10,302,15
2019-07-23,20,17,0.0,10.9,1,1,53,10:34 PM,10:21 AM,03:43 AM,07:42 PM,12,18,18,18,10,74,69,0.0,1019,20,10,305,8
2019-07-24,25,17,0.0,11.8,1,1,46,10:52 PM,11:29 AM,03:44 AM,07:40 PM,15,20,21,20,6,65,73,0.2,1018,25,10,342,5
2019-07-25,28,18,0.0,13.6,1,1,38,11:12 PM,12:38 PM,03:46 AM,07:39 PM,16,24,24,23,10,37,64,1.2,1018,28,10,289,8
2019-07-26,26,16,0.0,13.6,1,1,31,11:36 PM,01:49 PM,03:47 AM,07:37 PM,13,22,22,21,17,33,64,0.4,1013,26,10,32,13
2019-07-27,27,16,0.0,11.8,1,1,24,No moonrise,03:02 PM,03:49 AM,07:36 PM,15,22,22,22,20,60,68,3.9,1008,27,9,105,14
2019-07-28,30,19,0.0,14.5,1,1,16,12:05 AM,04:15 PM,03:50 AM,07:34 PM,18,26,26,25,23,35,69,2.1,1006,30,10,114,16
2019-07-29,32,22,0.0,11.7,1,1,9,12:43 AM,05:26 PM,03:52 AM,07:33 PM,19,29,29,27,12,73,65,6.5,1005,32,9,101,8
2019-07-30,30,21,0.0,11.7,1,1,2,01:33 AM,06:28 PM,03:53 AM,07:31 PM,17,27,27,25,14,59,64,2.9,1006,30,10,340,11
2019-07-31,23,17,0.0,13.6,1,1,0,02:36 AM,07:20 PM,03:55 AM,07:30 PM,12,19,20,19,15,36,65,0.0,1014,23,10,39,12
2019-08-01,24,16,0.0,14.5,1,1,0,03:53 AM,08:00 PM,03:56 AM,07:28 PM,11,20,20,20,11,55,57,0.0,1015,24,10,119,8
2019-08-02,22,15,0.0,12.6,1,1,5,05:17 AM,08:32 PM,03:58 AM,07:26 PM,12,18,19,18,14,58,68,1.1,1013,22,10,327,10
2019-08-03,23,16,0.0,12.6,1,1,12,06:43 AM,08:59 PM,03:59 AM,07:24 PM,10,19,19,19,13,48,58,0.4,1011,23,10,121,9
2019-08-04,24,14,0.0,12.5,1,1,20,08:08 AM,09:22 PM,04:01 AM,07:23 PM,10,19,20,19,17,52,59,0.1,1012,24,10,322,13
2019-08-05,25,15,0.0,12.5,1,1,27,09:32 AM,09:43 PM,04:02 AM,07:21 PM,11,21,21,21,6,56,55,0.1,1012,25,10,205,4
2019-08-06,28,17,0.0,13.5,1,1,34,10:53 AM,10:04 PM,04:04 AM,07:19 PM,14,24,24,23,12,55,57,1.4,1010,28,10,241,8
2019-08-07,28,20,0.0,9.4,1,1,42,12:12 PM,10:27 PM,04:06 AM,07:17 PM,16,25,25,24,14,76,65,13.5,1007,28,9,250,10
2019-08-08,25,19,0.0,13.5,1,1,49,01:29 PM,10:54 PM,04:07 AM,07:15 PM,14,23,23,22,26,40,61,3.1,1008,25,9,282,19
2019-08-09,26,17,0.0,13.5,1,1,56,02:42 PM,11:25 PM,04:09 AM,07:13 PM,12,22,22,22,19,47,55,1.0,1013,26,10,285,14
2019-08-10,25,17,0.0,13.5,1,1,63,03:50 PM,No moonset,04:10 AM,07:11 PM,15,22,22,21,20,57,68,0.6,1014,25,9,152,14
2019-08-11,28,19,0.0,10.4,1,1,71,04:50 PM,12:03 AM,04:12 AM,07:10 PM,14,23,23,23,15,55,59,0.4,1016,28,10,285,11
2019-08-12,29,19,0.0,12.4,1,1,78,05:41 PM,12:48 AM,04:13 AM,07:08 PM,15,25,25,24,16,51,57,0.6,1014,29,9,225,11
2019-08-13,24,18,0.0,11.4,1,1,85,06:23 PM,01:42 AM,04:15 AM,07:06 PM,15,20,21,20,18,57,72,18.4,1014,24,9,258,13
2019-08-14,21,17,0.0,10.3,1,1,92,06:57 PM,02:41 AM,04:17 AM,07:03 PM,10,18,18,18,13,60,60,4.9,1015,21,9,321,9
2019-08-15,24,15,0.0,14.5,1,1,100,07:24 PM,03:46 AM,04:18 AM,07:01 PM,7,19,20,19,9,17,46,0.0,1016,24,10,229,7
2019-08-16,24,15,0.0,14.4,1,1,100,07:46 PM,04:52 AM,04:20 AM,06:59 PM,9,19,20,19,15,36,51,0.0,1015,24,10,182,10
2019-08-17,25,17,0.0,13.4,1,1,86,08:06 PM,05:58 AM,04:22 AM,06:57 PM,12,22,22,21,12,41,55,0.0,1015,25,10,225,8
2019-08-18,28,18,0.0,12.3,1,1,78,08:23 PM,07:05 AM,04:23 AM,06:55 PM,12,23,23,23,19,46,54,0.2,1012,28,10,206,13
2019-08-19,30,20,0.0,8.9,1,1,71,08:40 PM,08:11 AM,04:25 AM,06:53 PM,17,25,25,23,19,83,69,15.9,1014,30,9,291,11
2019-08-20,27,18,0.0,13.4,1,1,64,08:57 PM,09:18 AM,04:27 AM,06:51 PM,13,23,23,22,13,56,60,1.2,1021,27,10,228,9
2019-08-21,20,17,0.0,11.1,1,1,57,09:16 PM,10:25 AM,04:28 AM,06:49 PM,13,18,18,18,18,73,76,5.5,1023,20,10,349,14
2019-08-22,23,15,0.0,14.2,1,1,49,09:37 PM,11:35 AM,04:30 AM,06:47 PM,10,19,19,19,11,12,58,0.0,1029,23,10,59,8
2019-08-23,25,15,0.0,14.1,1,1,42,10:03 PM,12:45 PM,04:32 AM,06:44 PM,10,21,21,20,13,12,54,0.0,1028,25,10,104,9
2019-08-24,26,18,0.0,14.1,1,1,35,10:35 PM,01:57 PM,04:33 AM,06:42 PM,11,22,22,22,14,0,53,0.0,1026,26,10,97,10
2019-08-25,27,17,0.0,14.1,1,1,28,11:19 PM,03:06 PM,04:35 AM,06:40 PM,12,22,22,22,19,3,54,0.0,1025,27,10,103,13
2019-08-26,29,18,0.0,14.0,1,1,20,No moonrise,04:11 PM,04:37 AM,06:38 PM,13,24,24,23,20,8,55,0.0,1023,29,10,108,14
2019-08-27,30,20,0.0,14.0,1,1,13,12:14 AM,05:07 PM,04:38 AM,06:36 PM,15,25,25,25,22,6,54,0.0,1022,30,10,117,15
2019-08-28,31,21,0.0,13.3,1,1,6,01:24 AM,05:52 PM,04:40 AM,06:33 PM,14,26,26,26,24,29,52,0.8,1020,31,10,145,17
2019-08-29,32,21,0.0,13.3,1,1,0,02:44 AM,06:28 PM,04:41 AM,06:31 PM,16,28,28,27,16,51,55,2.7,1017,32,10,229,11
2019-08-30,30,23,0.0,13.9,1,1,0,04:10 AM,06:57 PM,04:43 AM,06:29 PM,17,27,27,26,11,32,58,0.2,1021,30,10,43,8
2019-08-31,29,20,0.0,13.8,1,1,0,05:39 AM,07:23 PM,04:45 AM,06:27 PM,14,25,25,23,16,14,55,0.0,1021,29,10,90,11
2019-09-01,30,19,0.0,13.8,1,1,9,07:06 AM,07:45 PM,04:46 AM,06:24 PM,14,25,25,24,20,9,53,0.0,1013,30,10,150,14
2019-09-02,23,16,0.0,8.6,1,1,16,08:31 AM,08:07 PM,04:48 AM,06:22 PM,14,20,22,20,21,75,70,4.6,1015,23,10,331,16
2019-09-03,21,15,0.0,13.3,1,1,24,09:54 AM,08:29 PM,04:50 AM,06:20 PM,9,17,18,17,13,60,61,10.6,1021,21,9,294,10
2019-09-04,23,15,0.0,13.7,1,1,32,11:14 AM,08:55 PM,04:51 AM,06:17 PM,8,19,20,19,11,25,49,0.0,1019,23,10,251,8
2019-09-05,25,15,0.0,13.6,1,1,39,12:31 PM,09:25 PM,04:53 AM,06:15 PM,10,20,20,20,18,26,54,0.2,1014,25,10,196,13
2019-09-06,21,15,0.0,13.6,1,1,47,01:43 PM,10:01 PM,04:55 AM,06:13 PM,7,18,18,18,14,17,50,0.2,1021,21,10,307,10
2019-09-07,22,14,0.0,12.1,1,1,54,02:46 PM,10:44 PM,04:56 AM,06:11 PM,10,18,18,18,13,60,62,5.8,1019,22,10,103,9
2019-09-08,19,15,0.0,10.9,1,1,62,03:40 PM,11:36 PM,04:58 AM,06:08 PM,14,17,17,17,8,63,84,26.0,1017,19,9,262,6
2019-09-09,26,15,0.0,13.1,1,1,69,04:24 PM,No moonset,05:00 AM,06:06 PM,12,21,21,20,26,45,63,0.2,1014,26,10,134,18
2019-09-10,20,14,0.0,9.4,1,1,77,05:00 PM,12:34 AM,05:01 AM,06:04 PM,10,16,16,16,25,66,67,0.5,1017,20,9,223,18
2019-09-11,23,14,0.0,13.0,1,1,84,05:29 PM,01:37 AM,05:03 AM,06:01 PM,9,18,19,18,13,25,57,0.0,1024,23,10,201,8
2019-09-12,24,16,0.0,11.6,1,1,92,05:52 PM,02:42 AM,05:05 AM,05:59 PM,10,19,20,19,16,15,58,0.0,1026,24,10,263,11
2019-09-13,23,15,0.0,6.3,1,1,99,06:12 PM,03:49 AM,05:06 AM,05:57 PM,12,19,20,19,24,80,66,0.8,1025,23,10,264,18
2019-09-14,18,12,0.0,11.6,1,1,100,06:29 PM,04:56 AM,05:08 AM,05:54 PM,7,14,15,14,21,21,59,0.0,1029,18,10,304,15
2019-09-15,21,11,0.0,11.6,1,1,85,06:46 PM,06:02 AM,05:10 AM,05:52 PM,6,16,16,16,25,17,53,0.0,1020,21,10,237,18
2019-09-16,0,-4,0.0,11.6,1,1,78,07:03 PM,07:09 AM,05:11 AM,05:50 PM,6,12,13,12,27,33,56,0.0,1014,0,10,286,21
2019-09-17,15,9,0.0,7.5,1,1,70,07:21 PM,08:16 AM,05:13 AM,05:47 PM,5,10,12,10,31,62,63,1.1,1009,15,9,267,23
2019-09-18,15,8,0.0,6.2,1,1,63,07:41 PM,09:25 AM,05:15 AM,05:45 PM,4,8,11,8,38,72,65,1.3,1012,15,9,295,27
2019-09-19,15,8,0.0,8.9,1,1,55,08:04 PM,10:35 AM,05:16 AM,05:43 PM,5,9,11,9,22,49,69,0.8,1021,15,10,295,15
2019-09-20,15,7,0.0,7.5,1,1,48,08:33 PM,11:45 AM,05:18 AM,05:40 PM,3,9,11,9,18,53,61,0.4,1024,15,10,305,12
2019-09-21,16,11,0.0,6.1,1,1,40,09:11 PM,12:54 PM,05:20 AM,05:38 PM,8,13,13,13,22,73,72,0.1,1022,16,10,276,15
2019-09-22,22,11,0.0,11.6,1,1,33,10:00 PM,01:59 PM,05:21 AM,05:36 PM,9,16,17,16,9,2,63,0.0,1017,22,10,263,7
2019-09-23,17,10,0.0,8.8,1,1,25,11:02 PM,02:57 PM,05:23 AM,05:33 PM,8,12,13,12,19,33,71,0.0,1018,17,10,97,14
2019-09-24,18,7,0.0,11.6,1,1,18,No moonrise,03:45 PM,05:25 AM,05:31 PM,5,11,12,11,17,3,62,0.0,1017,18,10,117,11
2019-09-25,17,9,0.0,7.4,1,1,10,12:15 AM,04:24 PM,05:26 AM,05:29 PM,9,12,13,12,16,69,75,5.7,1010,17,9,124,11
2019-09-26,15,13,0.0,6.0,1,1,2,01:37 AM,04:55 PM,05:28 AM,05:26 PM,12,14,14,14,7,99,87,5.2,1011,15,8,119,5
2019-09-27,20,12,0.0,7.4,1,1,0,03:04 AM,05:22 PM,05:30 AM,05:24 PM,12,16,16,16,13,79,77,1.2,1014,20,9,165,9
2019-09-28,20,15,0.0,10.2,1,1,0,04:31 AM,05:45 PM,05:32 AM,05:22 PM,12,17,17,17,20,54,73,7.9,1011,20,9,267,14
2019-09-29,19,13,0.0,5.9,1,1,0,05:59 AM,06:06 PM,05:33 AM,05:19 PM,10,15,16,15,24,77,67,0.6,1007,19,9,247,17
2019-09-30,18,8,0.0,5.9,1,1,5,07:25 AM,06:29 PM,05:35 AM,05:17 PM,10,14,15,14,43,99,72,6.2,995,18,7,251,31
2019-10-01,15,10,0.0,5.9,1,1,12,08:49 AM,06:54 PM,05:37 AM,05:14 PM,8,11,13,11,32,73,70,1.3,1004,15,10,221,21
2019-10-02,17,10,0.0,5.9,1,1,19,10:11 AM,07:22 PM,05:38 AM,05:12 PM,11,14,14,14,22,96,80,10.0,1001,17,9,215,15
2019-10-03,13,9,0.0,10.2,1,1,27,11:28 AM,07:57 PM,05:40 AM,05:10 PM,5,9,10,9,16,46,68,3.7,1010,13,10,278,12
2019-10-04,13,6,0.0,7.3,1,1,34,12:37 PM,08:38 PM,05:42 AM,05:07 PM,4,9,10,9,10,54,68,0.4,1012,13,10,277,7
2019-10-05,12,7,0.0,5.8,1,1,41,01:37 PM,09:28 PM,05:43 AM,05:05 PM,3,8,10,8,19,78,62,0.7,1012,12,10,72,14
2019-10-06,9,3,0.0,11.6,1,1,48,02:24 PM,10:24 PM,05:45 AM,05:03 PM,-2,4,6,4,15,41,58,0.1,1019,9,10,8,11
2019-10-07,9,4,0.0,5.8,1,1,56,03:03 PM,11:27 PM,05:47 AM,05:00 PM,-0,5,6,5,13,81,64,0.3,1019,9,10,293,9
2019-10-08,10,4,0.0,10.1,1,1,63,03:34 PM,No moonset,05:48 AM,04:58 PM,2,5,8,5,26,71,66,0.9,1013,10,8,205,18
2019-10-09,16,10,0.0,8.6,1,1,70,03:58 PM,12:32 AM,05:50 AM,04:56 PM,9,11,13,11,22,77,78,4.4,1008,16,8,250,15
2019-10-10,13,10,0.0,5.5,1,1,77,04:18 PM,01:39 AM,05:52 AM,04:54 PM,7,9,12,9,30,80,75,4.7,1009,13,9,263,21
2019-10-11,15,8,0.0,11.0,1,1,85,04:36 PM,02:46 AM,05:54 AM,04:51 PM,6,10,12,10,28,41,70,0.0,1016,15,10,236,19
2019-10-12,20,13,0.0,10.9,1,1,92,04:53 PM,03:53 AM,05:55 AM,04:49 PM,8,15,16,15,32,21,59,0.0,1012,20,10,242,21
2019-10-13,22,14,0.0,8.5,1,1,99,05:10 PM,05:00 AM,05:57 AM,04:47 PM,11,17,17,17,20,39,67,2.2,1016,22,10,216,13
2019-10-14,23,14,0.0,10.9,1,1,100,05:27 PM,06:08 AM,05:59 AM,04:45 PM,11,18,19,18,16,8,64,0.0,1016,23,10,240,10
2019-10-15,21,14,0.0,10.4,1,1,86,05:46 PM,07:17 AM,06:00 AM,04:42 PM,10,17,17,17,24,26,63,0.0,1013,21,10,144,14
2019-10-16,21,13,0.0,7.1,1,1,79,06:08 PM,08:27 AM,06:02 AM,04:40 PM,10,15,16,15,27,28,66,0.0,1011,21,10,231,18
2019-10-17,18,12,0.0,8.7,1,1,72,06:35 PM,09:38 AM,06:04 AM,04:38 PM,6,14,14,14,22,31,58,0.0,1016,18,10,218,14
2019-10-18,20,12,0.0,8.7,1,1,64,07:09 PM,10:47 AM,06:06 AM,04:36 PM,7,15,15,15,17,33,59,0.0,1015,20,10,197,10
2019-10-19,19,12,0.0,8.7,1,1,57,07:54 PM,11:54 AM,06:07 AM,04:34 PM,9,15,15,15,11,26,70,0.0,1014,19,10,183,7
2019-10-20,21,13,0.0,8.7,1,1,50,08:49 PM,12:53 PM,06:09 AM,04:31 PM,10,16,16,16,13,9,71,0.0,1015,21,10,174,8
2019-10-21,22,15,0.0,8.7,1,1,43,09:57 PM,01:43 PM,06:11 AM,04:29 PM,11,17,18,17,8,17,67,0.0,1019,22,10,70,5
2019-10-22,22,14,0.0,8.7,1,1,35,11:14 PM,02:23 PM,06:13 AM,04:27 PM,11,17,17,17,8,5,70,0.0,1022,22,10,225,5
2019-10-23,20,13,0.0,8.7,1,1,28,No moonrise,02:56 PM,06:14 AM,04:25 PM,11,16,16,16,8,6,71,0.0,1021,20,10,91,5
2019-10-24,20,12,0.0,8.7,1,1,21,12:35 AM,03:23 PM,06:16 AM,04:23 PM,11,15,15,15,21,7,75,0.0,1015,20,10,121,12
2019-10-25,18,13,0.0,8.7,1,1,13,02:00 AM,03:46 PM,06:18 AM,04:21 PM,10,15,15,15,16,8,73,0.0,1018,18,10,270,10
2019-10-26,19,12,0.0,8.7,1,1,6,03:26 AM,04:07 PM,06:20 AM,04:19 PM,9,15,15,15,22,9,69,0.0,1019,19,10,221,13
2019-10-27,19,11,0.0,7.0,1,1,0,04:52 AM,04:28 PM,06:21 AM,04:17 PM,7,13,14,13,27,41,63,0.5,1013,19,8,264,19
2019-10-28,11,8,0.0,7.0,1,1,0,06:17 AM,04:52 PM,06:23 AM,04:15 PM,3,7,9,7,23,52,67,0.9,1017,11,10,273,17
2019-10-29,10,6,0.0,3.7,1,1,1,07:42 AM,05:18 PM,06:25 AM,04:13 PM,2,6,7,6,12,60,71,0.1,1021,10,10,334,9
2019-10-30,7,3,0.0,5.4,1,1,8,09:04 AM,05:50 PM,06:27 AM,04:11 PM,-0,3,5,3,14,48,70,0.2,1028,7,10,312,10
2019-10-31,7,3,0.0,8.7,1,1,12,10:19 AM,06:28 PM,06:29 AM,04:09 PM,-1,3,5,3,11,40,65,0.0,1027,7,10,260,7
2019-11-01,7,2,0.0,5.3,1,1,24,11:26 AM,07:16 PM,06:31 AM,04:08 PM,-2,2,5,2,16,53,61,0.0,1021,7,10,169,11
2019-11-02,9,4,0.0,3.7,1,1,31,12:20 PM,08:11 PM,06:32 AM,04:06 PM,1,3,7,3,26,81,66,0.6,1003,9,9,186,18
2019-11-03,14,9,0.0,5.3,1,1,39,01:03 PM,09:13 PM,06:34 AM,04:04 PM,7,10,12,10,25,67,74,0.8,996,14,9,159,16
2019-11-04,16,12,0.0,3.6,1,1,46,01:37 PM,10:18 PM,06:36 AM,04:02 PM,10,13,14,13,26,92,76,1.8,992,16,9,216,18
2019-11-05,14,10,0.0,7.0,1,1,54,02:03 PM,11:26 PM,06:38 AM,04:00 PM,7,10,11,10,20,50,73,0.0,997,14,10,231,14
2019-11-06,12,7,0.0,3.4,1,1,61,02:25 PM,No moonset,06:40 AM,03:59 PM,4,7,9,7,21,57,72,0.1,1001,12,10,245,15
2019-11-07,11,6,0.0,8.7,1,1,69,02:44 PM,12:33 AM,06:42 AM,03:57 PM,4,7,8,7,13,35,76,0.0,1008,11,10,198,8
2019-11-08,10,6,0.0,8.7,1,1,76,03:01 PM,01:40 AM,06:43 AM,03:55 PM,5,6,8,6,19,36,83,0.0,1012,10,10,123,12
2019-11-09,11,8,0.0,8.7,1,1,84,03:17 PM,02:47 AM,06:45 AM,03:54 PM,7,9,10,9,15,61,85,0.1,1008,11,10,167,9
2019-11-10,9,7,0.0,5.2,1,1,91,03:34 PM,03:55 AM,06:47 AM,03:52 PM,4,6,8,6,13,72,79,1.9,1012,9,9,226,9
2019-11-11,8,5,0.0,6.9,1,1,99,03:51 PM,05:04 AM,06:49 AM,03:51 PM,2,4,6,4,14,52,77,4.9,1015,8,9,240,10
2019-11-12,10,5,0.0,8.7,1,1,100,04:12 PM,06:14 AM,06:51 AM,03:49 PM,4,5,8,5,24,63,77,2.4,1012,10,10,150,16
2019-11-13,14,9,0.0,5.1,1,1,86,04:37 PM,07:27 AM,06:52 AM,03:48 PM,8,10,12,10,28,72,76,4.3,1004,14,9,156,16
2019-11-14,9,6,0.0,6.9,1,1,78,05:09 PM,08:38 AM,06:54 AM,03:46 PM,4,6,8,6,16,58,76,1.7,1012,9,9,196,11
2019-11-15,10,7,0.0,5.1,1,1,71,05:50 PM,09:48 AM,06:56 AM,03:45 PM,6,6,9,6,23,70,85,0.0,1014,10,10,112,15
2019-11-16,15,8,0.0,8.7,1,1,63,06:42 PM,10:50 AM,06:58 AM,03:43 PM,8,9,11,9,27,27,83,0.0,1013,15,10,154,17
2019-11-17,15,9,0.0,8.4,1,1,56,07:47 PM,11:44 AM,07:00 AM,03:42 PM,8,10,11,10,21,38,81,0.0,1017,15,10,130,12
2019-11-18,13,8,0.0,8.4,1,1,48,09:00 PM,12:26 PM,07:01 AM,03:41 PM,7,8,10,8,26,30,77,0.0,1013,13,10,137,17
2019-11-19,13,7,0.0,8.4,1,1,41,10:19 PM,01:00 PM,07:03 AM,03:39 PM,5,8,10,8,21,11,73,0.0,1021,13,10,159,13
2019-11-20,12,7,0.0,5.0,1,1,33,11:41 PM,01:28 PM,07:05 AM,03:38 PM,7,7,10,7,29,67,82,0.1,1022,12,10,123,19
2019-11-21,9,8,0.0,3.1,1,1,26,No moonrise,01:51 PM,07:07 AM,03:37 PM,5,5,9,5,42,96,73,0.8,1019,9,8,121,29
2019-11-22,4,2,0.0,6.8,1,1,18,01:03 AM,02:11 PM,07:08 AM,03:36 PM,-3,-1,4,-1,35,61,63,0.0,1021,4,10,131,25
2019-11-23,4,-0,0.0,8.3,1,1,10,02:26 AM,02:31 PM,07:10 AM,03:35 PM,-6,-4,1,-4,30,24,58,0.0,1020,4,10,122,21
2019-11-24,4,0,0.0,8.2,1,1,3,03:50 AM,02:53 PM,07:12 AM,03:34 PM,-4,-3,2,-3,26,24,69,0.0,1018,4,10,117,18
2019-11-25,4,-0,0.0,8.2,1,1,0,05:13 AM,03:16 PM,07:13 AM,03:33 PM,-2,-2,2,-2,17,30,79,0.0,1016,4,10,111,11
2019-11-26,5,1,0.0,8.2,1,1,0,06:35 AM,03:45 PM,07:15 AM,03:32 PM,1,0,3,0,18,55,85,0.0,1012,5,10,140,11
2019-11-27,0,5,0.0,3.1,1,1,0,07:55 AM,04:19 PM,07:16 AM,03:31 PM,3,2,5,2,22,76,84,0.0,1002,0,10,0,13
2019-11-28,10,6,0.0,8.1,1,1,4,09:07 AM,05:03 PM,07:18 AM,03:30 PM,4,5,7,5,23,58,83,0.0,999,10,10,194,13
2019-11-29,10,3,0.0,3.0,1,1,12,10:09 AM,05:55 PM,07:19 AM,03:29 PM,2,3,7,3,30,75,74,0.5,998,10,9,255,21
2019-11-30,4,0,0.3,8.1,1,1,20,10:59 AM,06:56 PM,07:21 AM,03:28 PM,-3,-2,2,-2,27,41,69,0.4,1015,4,9,295,18
2019-12-01,2,-1,0.0,3.0,1,1,26,11:37 AM,08:01 PM,07:22 AM,03:27 PM,-2,-3,1,-3,15,71,86,0.0,1022,2,10,253,10
2019-12-02,3,-5,0.0,3.0,1,1,33,12:07 PM,09:09 PM,07:24 AM,03:27 PM,-2,-3,1,-3,23,93,80,1.4,1016,3,9,256,15
2019-12-03,3,-1,1.4,8.0,1,1,41,12:30 PM,10:17 PM,07:25 AM,03:26 PM,-3,-3,1,-3,20,24,76,1.3,1023,3,9,281,13
2019-12-04,4,-4,0.0,3.0,1,1,48,12:50 PM,11:25 PM,07:27 AM,03:26 PM,0,-2,2,-2,27,90,84,1.4,1024,4,7,252,17
2019-12-05,4,1,0.0,8.0,1,1,55,01:07 PM,No moonset,07:28 AM,03:25 PM,-6,-2,2,-2,24,8,57,0.0,1022,4,10,220,16
2019-12-06,4,-1,0.0,8.0,1,1,62,01:24 PM,12:31 AM,07:29 AM,03:25 PM,-6,-3,1,-3,28,0,59,0.0,1014,4,10,222,18
2019-12-07,7,1,0.0,3.0,1,1,70,01:40 PM,01:39 AM,07:31 AM,03:24 PM,-0,-0,4,-0,35,72,74,1.6,1006,7,7,238,22
2019-12-08,8,1,0.0,3.0,1,1,77,01:56 PM,02:47 AM,07:32 AM,03:24 PM,3,3,6,3,35,85,77,3.5,1006,8,9,225,23
2019-12-09,9,5,0.0,3.0,1,1,84,02:15 PM,03:57 AM,07:33 AM,03:24 PM,4,4,7,4,25,90,80,1.0,1003,9,8,227,16
2019-12-10,5,1,0.3,3.0,1,1,92,02:38 PM,05:09 AM,07:34 AM,03:24 PM,-1,-0,3,-0,24,66,76,0.4,1015,5,9,292,16
2019-12-11,2,-4,0.0,7.9,1,1,99,03:08 PM,06:22 AM,07:35 AM,03:23 PM,-3,-2,1,-2,15,21,73,0.0,1019,2,10,166,10
2019-12-12,3,-1,0.1,4.9,1,1,100,03:45 PM,07:34 AM,07:36 AM,03:23 PM,-3,-2,1,-2,20,60,74,0.2,1008,3,10,188,13
2019-12-13,5,-2,0.0,2.9,1,1,87,04:34 PM,08:41 AM,07:37 AM,03:23 PM,1,-1,3,-1,30,71,86,0.4,996,5,9,139,19
2019-12-14,6,-2,0.0,6.8,1,1,79,05:36 PM,09:40 AM,07:38 AM,03:23 PM,1,-0,3,-0,28,68,78,0.1,996,6,10,180,18
2019-12-15,8,4,0.0,2.9,1,1,72,06:48 PM,10:27 AM,07:39 AM,03:23 PM,2,2,6,2,29,65,75,3.0,1006,8,10,217,17
2019-12-16,7,-2,0.0,7.8,1,1,65,08:07 PM,11:04 AM,07:40 AM,03:24 PM,2,2,4,2,21,41,81,0.0,1014,7,10,204,12
2019-12-17,8,5,0.0,7.8,1,1,58,09:29 PM,11:34 AM,07:41 AM,03:24 PM,4,4,6,4,21,31,88,0.0,1012,8,10,194,11
2019-12-18,11,6,0.0,6.8,1,1,50,10:50 PM,11:58 AM,07:41 AM,03:24 PM,6,6,8,6,24,46,86,0.0,1016,11,10,255,13
2019-12-19,8,-2,0.0,7.8,1,1,43,No moonrise,12:18 PM,07:42 AM,03:24 PM,4,4,5,4,16,15,85,0.0,1024,8,10,120,10
2019-12-20,11,6,0.0,7.8,1,1,36,12:11 AM,12:38 PM,07:43 AM,03:25 PM,4,5,8,5,32,17,76,0.0,1007,11,10,152,18
2019-12-21,10,7,0.0,6.8,1,1,28,01:32 AM,12:58 PM,07:43 AM,03:25 PM,5,6,8,6,20,64,82,0.0,995,10,10,221,12
2019-12-22,8,6,0.0,2.9,1,1,21,02:53 AM,01:19 PM,07:44 AM,03:26 PM,6,5,7,5,14,100,95,10.7,989,8,6,217,9
2019-12-23,7,2,0.0,2.9,1,1,14,04:14 AM,01:45 PM,07:44 AM,03:26 PM,5,4,6,4,13,100,91,4.2,997,7,8,317,10
2019-12-24,6,5,0.0,2.9,1,1,7,05:33 AM,02:15 PM,07:45 AM,03:27 PM,3,3,6,3,25,100,83,9.9,1008,6,7,304,17
2019-12-25,6,3,0.0,4.9,1,1,0,06:48 AM,02:54 PM,07:45 AM,03:27 PM,2,3,5,3,11,73,80,0.7,1011,6,10,326,7
2019-12-26,4,3,0.0,2.9,1,1,0,07:54 AM,03:42 PM,07:45 AM,03:28 PM,2,0,4,0,20,90,87,1.3,1018,4,8,303,14
2019-12-27,4,1,0.3,2.9,1,1,0,08:50 AM,04:39 PM,07:45 AM,03:29 PM,-1,-1,3,-1,23,95,80,1.0,1022,4,8,223,16
2019-12-28,0,-1,0.0,2.9,1,1,8,09:34 AM,05:43 PM,07:46 AM,03:30 PM,-5,-5,-0,-5,28,100,71,0.2,1033,0,10,241,20
2019-12-29,0,-3,0.0,6.8,1,1,15,10:07 AM,06:51 PM,07:46 AM,03:31 PM,-6,-4,-0,-4,14,62,68,0.0,1038,0,10,332,10
2019-12-30,5,-0,0.0,2.9,1,1,22,10:33 AM,08:00 PM,07:46 AM,03:32 PM,-6,-2,2,-2,32,67,53,0.0,1028,5,10,236,19
2019-12-31,6,3,0.0,3.0,1,1,26,10:55 AM,09:08 PM,07:46 AM,03:33 PM,-2,-1,4,-1,41,66,65,0.4,1018,6,10,288,26
2020-01-01,1,-4,0.0,4.9,1,1,37,11:13 AM,10:15 PM,07:46 AM,03:34 PM,-1,-3,1,-3,26,60,84,0.0,1029,1,10,269,17
